{
  "counter": {
    "x": 91,
    "y": 2.525934089136077,
    "width": 6.229124049077413,
    "height": 6.962945003900632
  },
  "clock": {
    "x": 90,
    "y": 12.740747271308859,
    "width": 7.687466561583804,
    "height": 5
  },
  "logo": {
    "x": 2,
    "y": 2.8,
    "width": 10,
    "height": 8
  },
  "lowerThird": {
    "x": 2,
    "y": 82,
    "width": 35,
    "height": 14
  }
}